ID,STATION,REGION,Latitude,Longitude
0,,Unknown region,,
1,AACHEN HBF,Unknown region,,
2,AALST,Vlaanderen,50.94312325073359,4.038683507313092
3,AALST-KERREBROEK,Vlaanderen,50.94821624474852,4.024772702544726
4,AALST-OOST,Vlaanderen,50.93653755190277,4.049055382402094
5,AALTER,Vlaanderen,51.092257790002506,3.447855383142661
6,AARSCHOT,Vlaanderen,50.98449635402312,4.823698348087205
7,AARSELE,Vlaanderen,50.98449587636041,3.41837146665051
8,ACREN,Wallonie,50.73286590400645,3.847018189393436
9,AISEAU,Wallonie,50.429540552358695,4.584376485715092
10,ALKEN,Unknown region,50.886400234543814,5.2917494451345
11,AMAY,Wallonie,50.545921914645234,5.320609488070113
12,AMPSIN,Wallonie,50.539173756838665,5.288862317087052
13,AMSTERDAM CENTRAAL,Unknown region,,
14,ANDENNE,Wallonie,50.496828764021714,5.095965480276991
15,ANDENNE-MARCHANDISES,Unknown region,,
16,ANDENNE-SAS,Unknown region,,
17,ANDERLECHT,Région de Bruxelles-Capitale - Brussels Hoofdstedelijk Gewest,50.81791888922866,4.291539354096092
18,ANGLEUR,Wallonie,50.612530000533305,5.600948995019453
19,ANS,Wallonie,50.661190332322946,5.509696654040328
20,ANSEREMME,Wallonie,50.23801349191663,4.905565624496428
21,ANTOING,Wallonie,50.56964806602561,3.451351534421772
22,ANTWERPEN-BERCHEM,Vlaanderen,51.19887029477542,4.432979473744141
23,ANTWERPEN-CENTRAAL,Vlaanderen,51.21686203215482,4.421083630148361
24,ANTWERPEN-D.S.-ALASKA,Vlaanderen,51.250057000167565,4.374639995509923
25,ANTWERPEN-D.S.-ANGOLA,Unknown region,51.27285501680825,4.364890483075261
26,ANTWERPEN-D.S.-BASF,Vlaanderen,51.37394555718409,4.265367359174453
27,ANTWERPEN-D.S.-BERENDRECHT,Vlaanderen,51.31690464033985,4.326888599342023
28,ANTWERPEN-D.S.-COMBINANT,Vlaanderen,51.37155916396361,4.288421297808901
29,ANTWERPEN-D.S.-GROENLAND,Vlaanderen,51.25744800016483,4.372281995511438
30,ANTWERPEN-D.S.-IJSLAND,Vlaanderen,51.24426797020013,4.366271657608027
31,ANTWERPEN-D.S.-LILLO,Vlaanderen,51.29265100714515,4.344103688363305
32,ANTWERPEN-D.S.-OORDEREN,Vlaanderen,51.282976221112555,4.364428107103281
33,ANTWERPEN-D.S.-PETROL,Vlaanderen,51.26232512845235,4.343525751054314
34,ANTWERPEN-D.S.-WILMARSDONK,Vlaanderen,51.27423200016034,4.382366995509535
35,ANTWERPEN-DAM,Vlaanderen,51.23174780608355,4.426375562447598
36,ANTWERPEN-DS-NOORDZEETERMINAL,Unknown region,51.3569841914329,4.262885773048958
37,ANTWERPEN-HAVEN,Vlaanderen,51.291428018652965,4.379600948050882
38,ANTWERPEN-KIEL,Vlaanderen,51.195105757324264,4.366867799856109
39,ANTWERPEN-LUCHTBAL,Vlaanderen,51.24356131707571,4.424880242553035
40,ANTWERPEN-NOORD-BLOK M9-N9,Vlaanderen,51.29887398713565,4.364204991331077
41,ANTWERPEN-NOORD-BUNDEL A1,Vlaanderen,51.29370865864651,4.390865071152057
42,ANTWERPEN-NOORD-BUNDEL A2,Vlaanderen,51.29831459844093,4.375399170467966
43,ANTWERPEN-NOORD-BUNDEL B1,Vlaanderen,51.30045844064006,4.356487323236264
44,ANTWERPEN-NOORD-BUNDEL B2,Vlaanderen,51.29674240967092,4.372743730764786
45,ANTWERPEN-NOORD-BUNDEL B3,Vlaanderen,51.29262400015524,4.391642995508061
46,ANTWERPEN-NOORD-BUNDEL BVRD,Vlaanderen,51.29066242318363,4.385138314449759
47,ANTWERPEN-NOORD-BUNDEL C1,Vlaanderen,51.28904325038466,4.388902561127024
48,ANTWERPEN-NOORD-BUNDEL C2,Vlaanderen,51.29347186179171,4.371250112353589
49,ANTWERPEN-NOORD-BUNDEL D,Vlaanderen,51.28845945910244,4.389440047026183
50,ANTWERPEN-NOORD-BUNDEL N,Vlaanderen,51.28974590876166,4.391548539267766
51,ANTWERPEN-NOORD-C.H.W.,Vlaanderen,51.300362000148425,4.354519995521627
52,ANTWERPEN-NOORD-PERRON CHW,Vlaanderen,51.29616846963872,4.358858037135762
53,ANTWERPEN-NOORD-PERRON MAINHUB,Vlaanderen,51.298807040206924,4.370846019585688
54,ANTWERPEN-NOORD-PERRON T.C.T.,Vlaanderen,51.290348831945096,4.384398447879232
55,ANTWERPEN-NOORD-T.W.,Vlaanderen,51.29196400015459,4.3838389955107
56,ANTWERPEN-NOORDERDOKKEN,Vlaanderen,51.261690355656995,4.427946721182962
57,ANTWERPEN-OOST,Vlaanderen,51.20666767062443,4.434744621332205
58,ANTWERPEN-SCHIJNPOORT-BUNDEL Q,Unknown region,51.22220407698318,4.44510783052016
59,ANTWERPEN-SCHIJNPOORT-CARWASH,Unknown region,51.222878000184586,4.443561995483504
60,ANTWERPEN-W.H.-B.KALISHOEK,Vlaanderen,51.28471557903636,4.266391535103139
61,ANTWERPEN-W.H.-B.KALLO,Vlaanderen,51.242908956680864,4.273974825534323
62,ANTWERPEN-W.H.-B.KROMMENHOEK,Vlaanderen,51.291269528425545,4.246016983595496
63,ANTWERPEN-W.H.-B.LIEFKENSHOEK,Vlaanderen,51.28034657712604,4.281664528128667
64,ANTWERPEN-W.H.-B.ZUID,Vlaanderen,51.25044150039912,4.227542656950165
65,ANTWERPEN-ZUID,Vlaanderen,51.1972142827759,4.391779007128754
66,ANZEGEM,Vlaanderen,50.8262160325938,3.495470092200613
67,APPELTERRE,Vlaanderen,50.8131409498267,3.972353719832445
68,ARCADEN,Région de Bruxelles-Capitale - Brussels Hoofdstedelijk Gewest,50.80966821307966,4.39841318213881
69,ARCHENNES,Wallonie,50.754336747026784,4.662366455607478
70,ARLON,Wallonie,49.6799712091417,5.810609706149933
71,ARLON-P.E.D.,Unknown region,49.677811827558365,5.817160222608551
72,ASSE,Vlaanderen,50.906702570375934,4.208230395327966
73,ASSESSE,Wallonie,50.36867549683118,5.021448906114027
74,ATH,Unknown region,50.62703018190257,3.776393685861919
75,ATHUS,Wallonie,49.56385476097767,5.829224589707236
76,ATHUS-FAISCEAU A,Unknown region,49.56717000093975,5.831179994832348
77,AUBANGE,Wallonie,49.56331617817075,5.800053519855491
78,AULNOYE-AYMERIES,Unknown region,,
79,AUVELAIS,Wallonie,50.449170409737555,4.630700388895106
80,AYE,Unknown region,50.22485292105391,5.300638767374593
81,AYWAILLE,Wallonie,50.47281502444683,5.672503602694142
82,BAASRODE-ZUID,Vlaanderen,51.019387722927135,4.154014613475437
83,BALEGEM-DORP,Vlaanderen,50.92004303912495,3.791056534066386
84,BALEGEM-ZUID,Vlaanderen,50.90080462540978,3.805776391176711
85,BALEN,Vlaanderen,51.16831361158987,5.166049651817693
86,BALEN-WERKPLAATSEN,Vlaanderen,51.204947000284456,5.245949995201814
87,BAMBRUGGE,Vlaanderen,50.913783366720125,3.935959775955002
88,BARVAUX,Wallonie,50.34950412861852,5.502270043841894
89,BAS-OHA,Wallonie,50.52248171944925,5.191103060283717
90,BASEL SBB,Unknown region,,
91,BASSE-WAVRE,Wallonie,50.72414363132286,4.621220384159443
92,BASSENGE,Wallonie,50.75649531011345,5.61196389184814
93,BAULERS,Wallonie,50.61231055734834,4.350260827452671
94,BEAURAING,Wallonie,50.11383552473339,4.957023362736713
95,BEERNEM,Vlaanderen,51.1279843499516,3.329867037955108
96,BEERSEL,Vlaanderen,50.766368102511905,4.302343410449779
97,BEERVELDE,Vlaanderen,51.08717244239358,3.879980395887767
98,BEGIJNENDIJK,Vlaanderen,51.022023322953466,4.800439914772679
99,BEIGNEE,Wallonie,50.33322928558822,4.406633114707752
100,BELLEM,Vlaanderen,51.08372389586611,3.487287359556004
101,BELSELE,Vlaanderen,51.15105293281537,4.088971326009601
102,BERINGEN,Vlaanderen,51.05061300033612,5.235889995190663
103,BERINGEN-MIJN,Vlaanderen,51.076814000326635,5.231866995194583
104,BERLAAR,Vlaanderen,51.113708436411315,4.638257976114972
105,BERLIN HBF,Unknown region,,
106,BERTRIX,Wallonie,49.85232574197849,5.268150158632392
107,BERZEE,Wallonie,50.28562307215228,4.405998284165093
108,BEUZET,Wallonie,50.53297498103598,4.750194076054755
109,BEVEREN(WAAS),Vlaanderen,51.208473875488636,4.260777895363429
110,BEVERLO,Vlaanderen,51.08864300032292,5.234550995194767
111,BIERGES-WALIBI,Wallonie,50.70765177681452,4.595155144998523
112,BIERSET-AWANS,Wallonie,50.65843789643829,5.460786562849607
113,BILZEN,Vlaanderen,50.86868042481448,5.509372415083996
114,BILZEN-WIJKSPOOR,Unknown region,50.87164775107831,5.509354730327402
115,BINCHE,Wallonie,50.40856385331328,4.172759557331415
116,BISSEGEM,Vlaanderen,50.8257932751871,3.224088412020454
117,BLANKENBERGE,Vlaanderen,51.31228295043089,3.133562308909295
118,BLANMONT,Wallonie,50.61952302025658,4.636686922198947
119,BLATON,Wallonie,50.50595452031236,3.665705919979845
120,BLERET,Wallonie,50.68531330036154,5.2860610645119
121,BOCKSTAEL,Région de Bruxelles-Capitale - Brussels Hoofdstedelijk Gewest,50.87943983027774,4.348514001056965
122,BOECHOUT,Vlaanderen,51.16382800021025,4.494046995460415
123,BOIS D'AUSSE,Wallonie,50.401324056742205,4.986261757337726
124,BOKRIJK,Vlaanderen,50.95579545561771,5.40857604825143
125,BOMAL,Wallonie,50.37689342007322,5.519435934683051
126,BOOISCHOT,Vlaanderen,51.03749946330419,4.772796366590497
127,BOOM,Vlaanderen,51.09092845737537,4.360441526124895
128,BOONDAAL,Région de Bruxelles-Capitale - Brussels Hoofdstedelijk Gewest,50.80195188823009,4.393613977738645
129,BOORTMEERBEEK,Vlaanderen,50.981903830816094,4.57399271213074
130,BORDET,Région de Bruxelles-Capitale - Brussels Hoofdstedelijk Gewest,50.877774256061116,4.410014404677236
131,BORNEM,Vlaanderen,51.098985014071545,4.240696491019956
132,BOSVOORDE,Région de Bruxelles-Capitale - Brussels Hoofdstedelijk Gewest,50.794557885315044,4.408269528488109
133,BOURG-SAINT-MAURICE,Unknown region,,
134,BOUSSU,Wallonie,50.43603991330167,3.795971741039548
135,BOUWEL,Vlaanderen,51.165843512547234,4.74758182017099
136,BRACQUEGNIES,Wallonie,50.474362121919384,4.126350513837885
137,BRAINE-ALLIANCE,Wallonie,50.669415734824995,4.373400271044346
138,BRAINE-ALLIANCE-CDS824,Unknown region,50.66388873431761,4.372611178411615
139,BRAINE-L'ALLEUD,Wallonie,50.68475914121906,4.375823445224943
140,BRAINE-LE-COMTE,Wallonie,50.604845229646386,4.138162426856626
141,BRESSOUX,Wallonie,50.64438317205998,5.612535756247273
142,BRUGELETTE,Wallonie,50.59396013997167,3.852911657275671
143,BRUGGE,Vlaanderen,51.19727306798259,3.216852878416061
144,BRUGGE-BUNDEL A,Vlaanderen,51.19062100446511,3.221693724942905
145,BRUGGE-BUNDEL B,Vlaanderen,51.187651849061034,3.223256888337742
146,BRUGGE-BUNDELS U/V,Unknown region,51.1905170000598,3.222696995898137
147,BRUGGE-DIJK,Vlaanderen,,
148,BRUGGE-SINT-PIETERS,Vlaanderen,51.22266042956464,3.201678747785866
149,BRUSSEL-CENTRAAL,Région de Bruxelles-Capitale - Brussels Hoofdstedelijk Gewest,50.84531101839439,4.356758317869445
150,BRUSSEL-CONGRES,Région de Bruxelles-Capitale - Brussels Hoofdstedelijk Gewest,50.85178018171951,4.362219760273292
151,BRUSSEL-KAPELLEKERK,Région de Bruxelles-Capitale - Brussels Hoofdstedelijk Gewest,50.84117648219605,4.347842850334735
152,BRUSSEL-KLEIN-EILAND-BUNDEL F,Unknown region,50.82812010834964,4.321977788125257
153,BRUSSEL-KLEIN-EILAND-CARWASH,Région de Bruxelles-Capitale - Brussels Hoofdstedelijk Gewest,50.8229982544731,4.318597102410154
154,BRUSSEL-LUXEMBURG,Région de Bruxelles-Capitale - Brussels Hoofdstedelijk Gewest,50.83883781680315,4.373972450333651
155,BRUSSEL-NATIONAAL-LUCHTHAVEN,Vlaanderen,,
156,BRUSSEL-NOORD,Région de Bruxelles-Capitale - Brussels Hoofdstedelijk Gewest,50.859599596992226,4.361252318835871
157,BRUSSEL-SCHUMAN,Région de Bruxelles-Capitale - Brussels Hoofdstedelijk Gewest,50.84284861653259,4.380023585984124
158,BRUSSEL-WEST,Région de Bruxelles-Capitale - Brussels Hoofdstedelijk Gewest,50.85205606911623,4.322817267253679
159,BRUSSEL-ZUID,Région de Bruxelles-Capitale - Brussels Hoofdstedelijk Gewest,50.83580082746913,4.336052466526436
160,BRUSSEL-ZUID-T.W.-HST,Unknown region,50.817382142111725,4.314583296328837
161,BRUSSELS AIRPORT - ZAVENTEM,Vlaanderen,50.89642423566919,4.483957847389533
162,BUDA,Unknown region,50.908089412622374,4.417587678276544
163,BUGGENHOUT,Vlaanderen,51.01631183680624,4.20076013692758
164,BUIZINGEN,Vlaanderen,50.75154826187237,4.258657550764855
165,BURST,Vlaanderen,50.90690477827913,3.920956498165174
166,CALLENELLE,Wallonie,50.52731158521195,3.526278070876151
167,CAMBRON-CASTEAU,Wallonie,50.58696925769222,3.873974629710541
168,CARLSBOURG,Wallonie,49.90372161477774,5.097547078492624
169,CARNIERES,Unknown region,50.44790380864625,4.26440662547954
170,CEROUX-MOUSTY,Wallonie,50.65931328819275,4.569055560736377
171,CHAPELLE-DIEU,Wallonie,50.55789332321276,4.69867479555985
172,CHAPOIS,Unknown region,50.26226836082343,5.124119622963848
173,CHARLEROI-A.T.,Wallonie,50.4005740004678,4.458826995398579
174,CHARLEROI-CENTRAL,Wallonie,50.40419960473307,4.438439317574269
175,CHARLEROI-FAISCEAU A,Wallonie,50.40610163645982,4.42988321802407
176,CHARLEROI-OUEST,Wallonie,50.41220705145477,4.437641138170576
177,CHARLEROI-SUD,Wallonie,,
178,CHASTRE,Wallonie,50.60757596946128,4.650130411837842
179,CHATEAU-DE-SEILLES,Wallonie,50.49721272363014,5.08175263181655
180,CHATELET,Unknown region,50.410143155716874,4.521411822417459
181,CHATELET-CARWASH,Unknown region,50.41817472724548,4.533684811311473
182,CHATELET-FAISCEAU C,Unknown region,50.421239788520715,4.537954220934624
183,CHATELET-FORMATION,Unknown region,50.4195560004698,4.5308269953755
184,CHATELET-GASOIL,Unknown region,50.41133112651595,4.522441728411646
185,CHAUDFONTAINE,Wallonie,50.58695623636823,5.644168865194211
186,CHENEE,Unknown region,50.60835327179395,5.614856781324154
187,CINEY,Wallonie,50.29201497447142,5.090696575707204
188,CLABECQ,Wallonie,50.69473774821982,4.213626572904245
189,CLABECQ-MARCHANDISES,Unknown region,50.67623548563634,4.221196651145528
190,COMBLAIN-LA-TOUR,Wallonie,50.45662378833268,5.567151864043248
191,COO,Unknown region,50.39131334498257,5.880941145912782
192,COUILLET,Wallonie,50.392644880654636,4.469332536913794
193,COUR-SUR-HEURE,Wallonie,50.300902576169584,4.392087978021362
194,COURCELLES-MOTTE,Wallonie,50.4620298596236,4.400412086654576
195,COURRIERE,Wallonie,50.38773555534724,4.995789831337536
196,COURT-SAINT-ETIENNE,Wallonie,50.64556886301799,4.565541526878087
197,COUVIN,Wallonie,50.05779956678534,4.492998249976199
198,CUESMES-A.C.,Wallonie,50.443353094308975,3.933450966568968
199,DAVE-SAINT-MARTIN,Wallonie,50.429043269760534,4.884234567377752
200,DE HOEK,Unknown region,50.73924115695371,4.370342369078159
201,DE PANNE,Vlaanderen,51.07726612970765,2.602401090431061
202,DE PINTE,Vlaanderen,50.99895252342995,3.655383901874385
203,DEINZE,Vlaanderen,50.97813285904206,3.535002801279582
204,DEINZE-WIJKSPOREN,Unknown region,50.9790461784711,3.540645659283567
205,DELTA,Unknown region,50.81920158619405,4.404357132417043
206,DEN HAAG HOLLANDS SPOOR,Unknown region,,
207,DENDERLEEUW,Vlaanderen,50.8916211692118,4.071431566263247
208,DENDERMONDE,Vlaanderen,51.02295197940482,4.101327011961012
209,DIEGEM,Vlaanderen,50.89062008306373,4.441952581033991
210,DIEPENBEEK,Vlaanderen,50.91176545452756,5.416327540138909
211,DIESDELLE,Région de Bruxelles-Capitale - Brussels Hoofdstedelijk Gewest,50.79612575465648,4.373898950595172
212,DIEST,Vlaanderen,50.99342002198607,5.050066472691095
213,DIKSMUIDE,Vlaanderen,51.032885049064205,2.869519746692597
214,DILBEEK,Vlaanderen,50.866389789917505,4.243574071481659
215,DINANT,Wallonie,50.26073067041864,4.908199790124128
216,DOLHAIN-GILEPPE,Wallonie,50.62692514885065,5.938686465712419
217,DORTMUND HBF,Unknown region,,
218,DRONGEN,Vlaanderen,51.047503145011156,3.653586159521928
219,DUFFEL,Vlaanderen,51.09168432782911,4.492767295536145
220,DUINBERGEN,Vlaanderen,51.33827191022156,3.262935063525739
221,ECAUSSINNES,Wallonie,50.562363603715745,4.156673065484736
222,EDE,Unknown region,50.91099162646058,3.987780755038092
223,EDINGEN,Wallonie,50.69722134381361,4.047260476817828
224,EEKLO,Vlaanderen,51.180615697469946,3.575419009429565
225,EICHEM,Vlaanderen,50.823907949239555,3.993605086239898
226,EIJSDEN,Unknown region,,
227,EINE,Vlaanderen,50.87100089362744,3.623822544187481
228,EKE-NAZARETH,Vlaanderen,50.9615649143227,3.627889376059195
229,EKEREN,Vlaanderen,51.27723573928284,4.432825280742256
230,EKEREN-BRUG,Unknown region,,
231,ENGIS,Wallonie,50.5826600592504,5.402218863759841
232,EPPEGEM,Vlaanderen,50.95840721213253,4.457499467295893
233,ERBISOEUL,Wallonie,50.50786362392144,3.888447711275467
234,EREMBODEGEM,Vlaanderen,50.91929248110489,4.055478044501364
235,ERNAGE,Wallonie,50.592425163054564,4.667147778459498
236,ERPE-MERE,Vlaanderen,50.9285934590058,3.962516720030864
237,ERPS-KWERPS,Vlaanderen,50.896545056704085,4.584930600937599
238,ERQUELINNES,Wallonie,50.30411129170655,4.113617375977737
239,ERQUELINNES-FRONTIERE,Wallonie,50.302705085150095,4.10918065512544
240,ERQUELINNES-VILLAGE,Wallonie,50.30970783583689,4.13014106169753
241,ESNEUX,Wallonie,50.52961833648213,5.572858884997966
242,ESSEN,Unknown region,51.46273699530374,4.451116949303227
243,ESSEN-GRENS,Vlaanderen,51.46909877028293,4.448910215617883
244,ESSENE-LOMBEEK,Vlaanderen,50.88239869074807,4.115166601258688
245,ETTERBEEK,Région de Bruxelles-Capitale - Brussels Hoofdstedelijk Gewest,50.8213075585112,4.390498719645379
246,EUPEN,Wallonie,50.635305333939606,6.037148398074383
247,EVERE,Région de Bruxelles-Capitale - Brussels Hoofdstedelijk Gewest,50.86820656714676,4.401355062494666
248,EVERGEM,Vlaanderen,51.107543095465154,3.701533162098892
249,EVERGEM-BUNDEL ZANDEKEN,Unknown region,51.15592800235925,3.748242996089985
250,EZEMAAL,Vlaanderen,50.77212949643041,4.994219913471169
251,FAMILLEUREUX,Wallonie,50.51941150097654,4.211654529758689
252,FARCIENNES,Wallonie,50.42914428231437,4.552667151871713
253,FAUX,Unknown region,50.621786596713214,4.549374449548871
254,FELUY-ZONING,Unknown region,50.543297161402116,4.211304711108967
255,FEXHE-LE-HAUT-CLOCHER,Wallonie,50.66429943269758,5.397266518195518
256,FLAWINNE,Wallonie,50.45624995625646,4.806300471805666
257,FLEMALLE-ANNEXE,Unknown region,50.59744524347818,5.473536464096704
258,FLEMALLE-GRANDE,Wallonie,50.605259633719655,5.48108901393654
259,FLEMALLE-HAUTE,Wallonie,50.59463893303145,5.456315954764333
260,FLEURUS,Wallonie,50.483141102491444,4.54483146656212
261,FLOREE,Wallonie,50.357541982477954,5.056427261379705
262,FLOREFFE,Wallonie,50.44348110123118,4.762999764162857
263,FLORENVILLE,Wallonie,49.70723922600518,5.331285483045566
264,FLORIVAL,Wallonie,50.76145683011463,4.654204552903399
265,FONTAINE-VALMONT,Wallonie,50.32086424519657,4.21151353952078
266,FORCHIES,Wallonie,50.43312875598628,4.32347282841663
267,FORRIERES,Wallonie,50.13309074637851,5.276553146811394
268,FRAIPONT,Wallonie,50.56512345386286,5.723431942052398
269,FRAMERIES,Wallonie,50.40552689016233,3.906385857023495
270,FRANCHIMONT,Wallonie,50.52521135808136,5.822584900074045
271,FRANIERE,Wallonie,50.439609336308045,4.733609958619396
272,FRANIERE-GARAGE,Unknown region,,
273,FRANKFURT(MAIN) HBF,Unknown region,,
274,FROYENNES,Wallonie,50.62951414192788,3.355483776379134
275,GALMAARDEN,Vlaanderen,50.74402497316743,3.96495648670834
276,GASTUCHE,Wallonie,50.736438573987726,4.649935387330966
277,GAVERE-ASPER,Vlaanderen,50.93058204796167,3.63943405316194
278,GEDINNE,Wallonie,49.98409071329614,4.978167749034659
279,GEDINNE-MARCHANDISES,Unknown region,49.98522277216985,4.978550757653017
280,GEEL,Vlaanderen,51.16905254847813,4.989631494392612
281,GEMBLOUX,Wallonie,50.57124514345281,4.690630393413791
282,GENDRON-CELLES,Wallonie,50.21080405501195,4.964650876926353
283,GENK,Vlaanderen,50.96707102023961,5.498086693350299
284,GENK-GOEDEREN,Unknown region,50.993030028535884,5.468397683577079
285,GENK-ZUID-R.O.-HAVEN,Unknown region,50.94337096523786,5.491556611261882
286,GENLY,Wallonie,50.39072345512885,3.911927656451613
287,GENT-DAMPOORT,Vlaanderen,51.05672898565812,3.740515250532578
288,GENT-RODENHUIZE,Vlaanderen,51.129801845187075,3.784443039005587
289,GENT-SINT-PIETERS,Vlaanderen,51.03551971562273,3.710101316035026
290,GENT-SINT-PIETERS-BUNDEL B,Vlaanderen,51.04089300016003,3.68517699572683
291,GENT-SINT-PIETERS-BUNDEL C,Vlaanderen,,
292,GENT-SINT-PIETERS-BUNDELS,Unknown region,51.036553785142765,3.703917085896979
293,GENT-SINT-PIETERS-BUNDELS L/M,Unknown region,,
294,GENT-ZEEHAVEN,Vlaanderen,51.06598100014896,3.742663995699774
295,GENT-ZEEHAVEN-GROOT DOK,Vlaanderen,51.082359752020736,3.73366158513639
296,GENT-ZEEHAVEN-SIFFERDOK,Vlaanderen,51.08244500015373,3.753352995707525
297,GENT-ZEEHAVEN-SIFFERDOK R.O.,Vlaanderen,51.09692352278901,3.75068089363362
298,GENTBRUGGE,Vlaanderen,51.03878033234653,3.756083021889788
299,GENTBRUGGE-PERRON C.W.,Vlaanderen,51.02957769395321,3.752448334843795
300,GENVAL,Wallonie,50.72646756043229,4.513841931131038
301,GERAARDSBERGEN,Vlaanderen,50.77094924712692,3.872417489386795
302,GHLIN,Wallonie,50.48752350853692,3.906394389542581
303,GLONS,Wallonie,50.750527351252245,5.5352369345989
304,GODARVILLE,Wallonie,50.49295177108689,4.29025278311674
305,GODINNE,Wallonie,50.34885062327189,4.869974118156255
306,GONTRODE,Vlaanderen,50.979840155563366,3.801555019245788
307,GOUVY,Wallonie,50.18945222346999,5.953995904124524
308,GOUY-LEZ-PIETON,Wallonie,50.49572848602812,4.324807411208662
309,GRAIDE,Wallonie,49.933720522574966,5.043616894346896
310,GROENENDAAL,Vlaanderen,50.766147385502954,4.449357054734751
311,GROENENHOEK-WIJKBUNDEL,Unknown region,51.19526072845843,4.436899106994519
312,GROOT-BIJGAARDEN,Vlaanderen,50.86839848375161,4.274515964183524
313,GRUPONT,Wallonie,50.09050446044575,5.280534452423004
314,HAACHT,Vlaanderen,50.966262705636815,4.61332976968172
315,HAACHT-WIJKSPOOR,Unknown region,50.964287263717445,4.621727735685218
316,HAALTERT,Vlaanderen,50.907066639911044,4.021716617735705
317,HABAY,Wallonie,49.71825436971725,5.632255946957877
318,HAININ,Wallonie,50.42802710623119,3.766794741616837
319,HALANZY,Wallonie,49.555971760279775,5.74222891161948
320,HALLE,Unknown region,50.73306025525547,4.239823954654708
321,HALLE-GOEDEREN,Unknown region,50.73856640686829,4.245188244392416
322,HAM-SUR-HEURE,Wallonie,50.32054157378973,4.405047354851639
323,HAM-SUR-SAMBRE,Wallonie,50.45281278086083,4.672912870038423
324,HAMBOS,Vlaanderen,50.944395572789574,4.663253957979473
325,HAMOIR,Wallonie,50.428329185863085,5.533840033584992
326,HAMONT,Vlaanderen,51.24610100030596,5.541909995101336
327,HANSBEKE,Vlaanderen,51.07270818371244,3.537446874269557
328,HARCHIES,Wallonie,50.482059169230475,3.699302076851214
329,HARELBEKE,Vlaanderen,50.85629094402423,3.314655511162007
330,HAREN,Unknown region,50.88887089566485,4.420030839137337
331,HAREN-ZUID,Région de Bruxelles-Capitale - Brussels Hoofdstedelijk Gewest,50.88961689074473,4.415076991367312
332,HASSELT,Vlaanderen,50.93094538925335,5.326071324265482
333,HASSELT-AFLOS L.35,Unknown region,,
334,HASSELT-AFLOS L.35/1,Unknown region,50.9375470924328,5.304095840300604
335,HASSELT-AFWISSELING,Vlaanderen,50.9362634536181,5.30391956156132
336,HASSELT-BUNDEL E,Vlaanderen,50.93628646908128,5.312734044179866
337,HASSELT-L.C.I.,Unknown region,50.936904797713844,5.309750444353818
338,HASSELT-T.W.,Vlaanderen,50.936924972433246,5.306750842482207
339,HATRIVAL,Wallonie,49.98992354853342,5.320445814727747
340,HAUTE-FLONE,Wallonie,50.55424859604318,5.331294580831143
341,HAVERSIN,Wallonie,50.24958547095278,5.193879553114287
342,HAVERSIN-GARAGE,Unknown region,,
343,HAVINNES,Wallonie,50.61882981547864,3.495660680917111
344,HAVRE,Unknown region,50.47086130234167,4.058356446872188
345,HEIDE,Unknown region,51.36538373642792,4.460868704967868
346,HEIST,Unknown region,51.334177497690405,3.24048963886616
347,HEIST-OP-DEN-BERG,Vlaanderen,51.073554823780476,4.709356991022758
348,HEIZIJDE,Vlaanderen,50.988898042508765,4.157254202190265
349,HEMIKSEM,Vlaanderen,51.13637533102848,4.338483199831431
350,HENNUYERES,Wallonie,50.65091444860351,4.176132141880637
351,HENNUYERES-GARAGE,Unknown region,50.64795092178435,4.173327027672401
352,HERENT,Vlaanderen,50.90358929116853,4.672141055873005
353,HERENTALS,Vlaanderen,51.18107296514773,4.828554945808171
354,HERGENRATH,Wallonie,50.7092112565971,6.043032494253016
355,HERMALLE-SOUS-HUY,Wallonie,50.57190883815585,5.37949799411887
356,HERNE,Unknown region,50.7236980075481,4.014372844400746
357,HERSEAUX,Wallonie,50.714287263158134,3.244811809737917
358,HERSTAL,Wallonie,50.66038889474057,5.622362799779907
359,HERZELE,Unknown region,50.89692469970473,3.879519908608075
360,HEUSDEN,Unknown region,51.038313764132226,5.280683551760488
361,HEVER,Unknown region,50.996400592705974,4.540771400150177
362,HEVERLEE,Vlaanderen,50.86227660628583,4.694460963488205
363,HILLEGEM,Vlaanderen,50.8912948429153,3.857476893284403
364,HOBOKEN-POLDER,Vlaanderen,51.18311487757247,4.348667598576547
365,HOEILAART,Vlaanderen,50.76018324714069,4.467428763148234
366,HOFSTADE,Vlaanderen,50.988539647835054,4.498451705248836
367,HOLLEKEN,Vlaanderen,50.76701516164596,4.35477080401788
368,HONY,Wallonie,50.54017176598895,5.573926109197131
369,HOURAING,Wallonie,50.7028815000323,3.835231437910581
370,HOURPES,Wallonie,50.363714773705595,4.308770799275703
371,HOUYET,Wallonie,50.19034553903188,5.005903558428328
372,HOVE,Unknown region,51.15406191650753,4.465214254348258
373,HUIZINGEN,Vlaanderen,50.751641324160445,4.265609116848828
374,HUY,Wallonie,50.527376420020765,5.23403717341447
375,IDDERGEM,Vlaanderen,50.87683994746913,4.068558143749275
376,IDEGEM,Vlaanderen,50.80168578977624,3.921425440985026
377,IEPER,Vlaanderen,50.847477689409466,2.876886293338535
378,IEPER-GOEDEREN,Unknown region,,
379,INGELMUNSTER,Vlaanderen,50.9148434156094,3.254708319555108
380,IZEGEM,Vlaanderen,50.92110934652179,3.213469517279286
381,IZEGEM-SAS,Vlaanderen,50.92120714552667,3.219680037541857
382,IZEGEM-WIJKSPOOR,Unknown region,,
383,JAMBES,Wallonie,50.4539791185686,4.875468217784547
384,JAMBES-EST,Wallonie,50.454801239253534,4.880327093633451
385,JAMIOULX,Wallonie,50.35310475319605,4.411235098809759
386,JAVA,Unknown region,50.513877108383845,5.160698724275961
387,JEMAPPES,Wallonie,50.45256323571244,3.885169785512608
388,JEMELLE,Wallonie,,
389,JEMEPPE-FROIDMONT,Wallonie,50.45963902720433,4.669325838528903
390,JEMEPPE-SUR-MEUSE,Wallonie,50.618416272517344,5.497799707964933
391,JEMEPPE-SUR-SAMBRE,Wallonie,50.45094942154535,4.662626762458582
392,JEMEPPE-SUR-SAMBRE-MARCHANDISE,Unknown region,50.44797745148011,4.657785895512375
393,JETTE,Région de Bruxelles-Capitale - Brussels Hoofdstedelijk Gewest,50.881204575125274,4.332923410989739
394,JURBISE,Wallonie,50.5305545281665,3.910613222419653
395,JUSLENVILLE,Wallonie,50.54452335104763,5.810241413321089
396,KALMTHOUT,Vlaanderen,51.389739415445185,4.46670091137468
397,KAPELLE-OP-DEN-BOS,Vlaanderen,51.01082712199768,4.358811373050316
398,KAPELLEN,Vlaanderen,51.313592709537495,4.432805301755772
399,KAPELLEN-WIJKSPOOR,Vlaanderen,51.31723153434303,4.434792500929688
400,KESSEL,Unknown region,51.15105600022894,4.618457995416029
401,KIEWIT,Vlaanderen,50.95466484870577,5.350407516296472
402,KIJKUIT,Unknown region,51.37923641446443,4.467294323528997
403,KINKEMPOIS-A.T.,Unknown region,,
404,KINKEMPOIS-A.T./D.E.,Unknown region,,
405,KINKEMPOIS-FORMATION,Wallonie,50.60880000053195,5.579665995026622
406,KINKEMPOIS-RECEPTION,Unknown region,50.604783645771306,5.561372781062602
407,KINKEMPOIS-RELAIS,Unknown region,50.60647571458761,5.572330520258774
408,KNOKKE,Vlaanderen,51.33992482006363,3.285227675393621
409,KOKSIJDE,Vlaanderen,51.07870834338987,2.654140285690531
410,KOLN HBF,Unknown region,,
411,KOMEN,Unknown region,50.77196355374446,2.999344829152202
412,KONTICH,Vlaanderen,,
413,KONTICH-LINT,Vlaanderen,51.133683686555365,4.476896807075892
414,KORTEMARK,Vlaanderen,51.025134267709745,3.043944762515192
415,KORTENBERG,Vlaanderen,50.89300414907503,4.543312927026168
416,KORTENBERG-GOEDEREN,Unknown region,50.89376601520454,4.552069736033631
417,KORTRIJK,Vlaanderen,50.82441338106978,3.26777452888312
418,KORTRIJK-GOEDEREN,Unknown region,50.817224000186414,3.246422995854349
419,KORTRIJK-T.O.P.,Unknown region,50.81790861597314,3.249461735099449
420,KUREGEM-DOODSPOOR,Unknown region,50.83653458621901,4.319278792525245
421,KWATRECHT,Vlaanderen,50.99155009915313,3.833335262697952
422,LA HULPE,Wallonie,50.73811044307934,4.497448352915446
423,LA LOUVIERE-CENTRE,Wallonie,50.47771530293195,4.180068630396401
424,LA LOUVIERE-GARE INDUSTRIELLE,Unknown region,50.48597882993506,4.193672918253882
425,LA LOUVIERE-SUD,Wallonie,50.464993655378,4.19010515855395
426,LA ROCHE(BRABANT),Wallonie,50.61023315755675,4.539569636060647
427,LABUISSIERE,Wallonie,50.316274428263505,4.186533133498057
428,LANDEGEM,Vlaanderen,51.06421597579114,3.577045762398203
429,LANDELIES,Wallonie,50.377441478569494,4.350826341758125
430,LANDEN,Unknown region,50.7478945451352,5.079627434938354
431,LANDSKOUTER,Vlaanderen,50.970632710101064,3.79131779293632
432,LANGDORP,Vlaanderen,51.0024692304283,4.863538493984656
433,LAUWE,Unknown region,50.78779112788674,3.2023259051549
434,LE CAMPINAIRE,Wallonie,50.42379396690787,4.542815083514929
435,LE COUCOU-BASE LGV,Wallonie,50.62652300449613,3.847030676684672
436,LEBBEKE,Vlaanderen,51.004753560084644,4.134881157376095
437,LEDE,Vlaanderen,50.97097093998483,3.985076835223766
438,LEIGNON,Wallonie,50.26770273272324,5.107729108098539
439,LELYSTAD CENTRUM,Unknown region,,
440,LEMAN,Unknown region,50.59896972445059,5.465658900578723
441,LEMBEEK,Vlaanderen,50.71511213958234,4.221567770291005
442,LENS,Unknown region,50.55912879114958,3.903285755830355
443,LEOPOLDSBURG,Vlaanderen,51.117330659045955,5.257878773158076
444,LESSINES,Wallonie,50.71290774730962,3.836861179357119
445,LEUVEN,Vlaanderen,50.88136570976269,4.716208513181996
446,LEUVEN-BUNDEL F,Unknown region,50.889965601187264,4.713252196734585
447,LEUVEN-BUNDEL M,Unknown region,50.890437600859066,4.714212196694957
448,LEUVEN-BUNDEL P,Unknown region,50.877000000334036,4.718680995354924
449,LEUVEN-BUNDEL Q,Unknown region,50.87644508589211,4.718516879806164
450,LEUZE,Unknown region,50.60055276521531,3.616784177396661
451,LEVAL,Unknown region,50.430664764641925,4.211414216154076
452,LIBRAMONT,Wallonie,49.920246579730915,5.378998507237662
453,LICHTERVELDE,Vlaanderen,51.02521217594557,3.126819221090459
454,LIEDEKERKE,Vlaanderen,50.882547619348756,4.095286581425214
455,LIEGE-CARRE,Wallonie,50.64016116909001,5.561580820913395
456,LIEGE-GUILLEMINS,Wallonie,50.62555823894266,5.565379651876698
457,LIEGE-GUILLEMINS-FAISCEAU,Unknown region,50.61896360569625,5.574667117982816
458,LIEGE-JONFOSSE,Wallonie,,
459,LIEGE-PALAIS,Wallonie,,
460,LIEGE-SAINT-LAMBERT,Wallonie,50.64694935067069,5.572612637206988
461,LIER,Vlaanderen,51.136043685131625,4.561775772858924
462,LIERDE,Vlaanderen,50.81658982140952,3.825714387969385
463,LIERS,Unknown region,50.69817963901398,5.566911104604744
464,LIERS-FAISCEAU,Unknown region,50.69978530312296,5.558491078181468
465,LIGNY,Wallonie,50.51135365914018,4.566056594508623
466,LILLE FLANDRES,Unknown region,,
467,LILLE-EUROPE,Unknown region,,
468,LILLOIS,Wallonie,50.64367353107232,4.36339470287942
469,LIMAL,Wallonie,50.69197975060142,4.575848696298839
470,LINKEBEEK,Vlaanderen,50.77339212344109,4.339918297092998
471,LISSEWEGE,Vlaanderen,51.29470102749794,3.194426918432402
472,LOBBES,Wallonie,50.34631966783645,4.260948846424977
473,LOBBES-GARAGE,Unknown region,50.346804083378245,4.257260015732786
474,LODELINSART,Wallonie,50.43241893630097,4.46303645771843
475,LOKEREN,Vlaanderen,51.107028071051644,3.985383235346945
476,LOKEREN-OOST,Vlaanderen,51.10977280041512,3.991494841124814
477,LOMMEL,Vlaanderen,51.211527122666595,5.310537299329511
478,LONDERZEEL,Vlaanderen,51.00941362622565,4.296896134000722
479,LONDON-ST-PANCRAS INTL,Unknown region,,
480,LONZEE,Wallonie,50.5519770649044,4.720151428742302
481,LOT,Unknown region,50.7651283796248,4.272571084761274
482,LOUVAIN-LA-NEUVE,Wallonie,50.66994236427151,4.616284940684052
483,LOUVAIN-LA-NEUVE-UNIVERSITE,Wallonie,,
484,LUCHTBAL-WIJKBUNDEL,Vlaanderen,51.270998000166976,4.431169995492342
485,LUSTIN,Wallonie,50.36974157183894,4.877488478707895
486,LUTTRE,Wallonie,50.50601205920482,4.384250450065744
487,LUXEMBOURG,Unknown region,,
488,MAASTRICHT,Unknown region,,
489,MACHELEN,Vlaanderen,50.90596641930349,4.421043049046172
490,MAFFLE,Wallonie,50.61404860297637,3.800494581396216
491,MALDEREN,Vlaanderen,51.0142835683645,4.231399792238794
492,MANAGE,Wallonie,50.50617164615918,4.234752477101597
493,MARBEHAN,Wallonie,49.72742014792389,5.539755333578618
494,MARCHE-EN-FAMENNE,Wallonie,50.222535391457356,5.346178447642496
495,MARCHE-LES-DAMES,Wallonie,50.48071886041021,4.964576135562873
496,MARCHE-LES-DAMES-MARCHANDISES,Unknown region,50.480531917834554,4.967202413195671
497,MARCHE-LEZ-ECAUSSINNES,Wallonie,50.54620487661112,4.177102420800165
498,MARCHIENNE-AU-PONT,Wallonie,50.41221700863439,4.394312434316758
499,MARCHIENNE-ZONE,Wallonie,50.397619847361035,4.389973803453671
500,MARCINELLE,Wallonie,50.40681073087938,4.425009232044616
501,MARIA-AALTER,Vlaanderen,51.107574733585274,3.386700586866435
502,MARIEMBOURG,Wallonie,50.095337422317996,4.525417234193296
503,MARLOIE,Wallonie,50.20321569366293,5.314305549443508
504,MARNE-LA-VALLEE-CHESSY,Unknown region,,
505,MARSEILLE-SAINT-CHARLES,Unknown region,,
506,MASNUY-SAINT-PIERRE,Wallonie,50.536335795046575,3.962143547161489
507,MAUBEUGE,Unknown region,,
508,MAUBRAY,Wallonie,50.547359639807425,3.496016879645529
509,MAZY,Wallonie,50.513400763278376,4.675936277520505
510,MECHELEN,Vlaanderen,51.017618664822756,4.48357982828096
511,MECHELEN-C.W.,Vlaanderen,51.01712198055023,4.488365222468087
512,MECHELEN-NEKKERSPOEL,Vlaanderen,51.0300117052638,4.490206757726317
513,MEISER,Région de Bruxelles-Capitale - Brussels Hoofdstedelijk Gewest,50.85475700768865,4.394274208868764
514,MELKOUWEN,Vlaanderen,51.09516390106206,4.671208072022965
515,MELLE,Unknown region,51.00274991967655,3.796939037253571
516,MELLE-T.W.,Vlaanderen,51.01363547125033,3.779151586015403
517,MELREUX-HOTTON,Wallonie,50.28360034390224,5.440352546697533
518,MELSELE,Vlaanderen,51.21082656129773,4.288506223272866
519,MENEN,Vlaanderen,50.79946001751335,3.113887199533723
520,MERCHTEM,Vlaanderen,50.953912936600325,4.223681249482118
521,MERELBEKE,Vlaanderen,51.02005759229028,3.764835021113617
522,MERELBEKE-CENTRAAL,Vlaanderen,51.02283000017448,3.760409995699416
523,MERELBEKE-SAS T.W.,Unknown region,51.01971100017616,3.766436995697059
524,MERELBEKE-T.W.,Unknown region,,
525,MERODE,Région de Bruxelles-Capitale - Brussels Hoofdstedelijk Gewest,50.83993055256729,4.399590549319555
526,MERY,Unknown region,50.54825329989115,5.587073124514547
527,MESSANCY,Wallonie,49.59402785546566,5.818319581457532
528,MEVERGNIES-ATTRE,Wallonie,50.60027301310445,3.832948437258735
529,MILMORT,Wallonie,50.69342290482662,5.599557700962555
530,MOENSBERG,Région de Bruxelles-Capitale - Brussels Hoofdstedelijk Gewest,50.77947120855287,4.333527021308324
531,MOESKROEN,Wallonie,50.73833321108573,3.225382514749662
532,MOL,Unknown region,51.19069542411164,5.114991873556098
533,MOLLEM,Vlaanderen,50.932896545484454,4.216581185274301
534,MOMALLE,Wallonie,50.66991484515919,5.367599886749272
535,MONCEAU-CHARGEMENT GASOIL,Unknown region,,
536,MONCEAU-FORMATION,Unknown region,50.42627800045082,4.391591995424399
537,MONCEAU-RECEPTION,Unknown region,50.43599000044748,4.391655995425332
538,MONS,Wallonie,50.45443676894685,3.942380575653974
539,MONS-AVIATION,Wallonie,50.46606900038497,3.948305995581014
540,MONT-SAINT-GUIBERT,Wallonie,50.63829834785249,4.612709346584436
541,MONTZEN,Wallonie,50.7247234095792,5.938093761836572
542,MONTZEN-EST,Unknown region,50.71943308855506,5.957034310915463
543,MONTZEN-INSTALLATION GASOIL,Unknown region,,
544,MOORTSELE,Vlaanderen,50.95295090201298,3.780982223267353
545,MORLANWELZ,Wallonie,50.45819475755931,4.247606842207115
546,MORTSEL,Vlaanderen,51.18289070835871,4.448811508068692
547,MORTSEL-DEURNESTEENWEG,Unknown region,51.18231715443344,4.447187644973445
548,MORTSEL-LIERSESTEENWEG,Vlaanderen,51.169548576050914,4.469151255230457
549,MORTSEL-OUDE GOD,Vlaanderen,51.171808098001065,4.455388660949409
550,MOUSTIER,Unknown region,50.452728269433685,4.693813691641504
551,MOUSTIER-GARAGE,Unknown region,50.452251561253455,4.676398912234394
552,MOUTERIJ,Région de Bruxelles-Capitale - Brussels Hoofdstedelijk Gewest,50.83101229836678,4.378599139553797
553,MUIZEN,Vlaanderen,51.00823699970865,4.514109018799756
554,MUIZEN-GOEDEREN,Unknown region,51.013681169109766,4.506141914550994
555,MUNKZWALM,Vlaanderen,50.875656664672775,3.73151420520436
556,NAMECHE,Wallonie,50.47027956863485,4.998429583816083
557,NAMUR,Wallonie,50.46920536567819,4.862754782372503
558,NAMUR-HERBATTE,Wallonie,50.4691699093396,4.869133583442665
559,NANINNE,Wallonie,50.4193741226567,4.930310430645952
560,NATOYE,Wallonie,50.34336370615237,5.061281004387083
561,NEERPELT,Vlaanderen,51.2223754782048,5.437315566032002
562,NEERWINDEN,Vlaanderen,50.76376087765239,5.036335028370854
563,NESSONVAUX,Wallonie,50.57198592354805,5.741746104990186
564,NEUFCHATEAU,Unknown region,49.85424515919912,5.452480885743121
565,NEUFVILLES,Wallonie,50.54352319565535,4.010763312579896
566,NEUFVILLES-GARAGE,Unknown region,50.54605623632768,4.01535240697319
567,NIEL,Vlaanderen,51.11082441003055,4.340335935217864
568,NIEUWKERKEN-WAAS,Vlaanderen,51.18508212815529,4.184439116604953
569,NIJLEN,Vlaanderen,51.15960165609087,4.664476042760993
570,NIMY,Wallonie,50.47176943401611,3.956539830074179
571,NINOVE,Vlaanderen,50.83945938811422,4.026263271738284
572,NINOVE-WIJKSPOOR,Unknown region,50.840910447862015,4.034584022031004
573,NIVELLES,Wallonie,50.60049325778275,4.335288481642557
574,NOORDERKEMPEN,Vlaanderen,51.35805994024289,4.63402949117758
575,NOSSEGEM,Vlaanderen,50.88344233246161,4.506060557023734
576,OBAIX-BUZET,Wallonie,50.53576499767921,4.363632083487843
577,OBOURG,Wallonie,50.46980722962719,4.006727859640169
578,OBOURG-MARCHANDISES,Unknown region,50.47002163309968,4.0164102709224
579,OKEGEM,Vlaanderen,50.85712457023099,4.054122152842988
580,OLEN,Vlaanderen,51.17402976775826,4.902499252052486
581,OLEN-SAS,Unknown region,,
582,OLNE,Wallonie,50.566393082557994,5.703133532051191
583,OOSTENDE,Vlaanderen,51.22794248176095,2.926625863400863
584,OOSTENDE-BUNDEL A,Vlaanderen,51.22056962718252,2.933759387095019
585,OOSTENDE-BUNDEL B,Vlaanderen,51.21781188887551,2.939273702973395
586,OOSTENDE-PERRON T.O.P.,Unknown region,51.21974736465403,2.93553862920455
587,OOSTENDE-T.W.,Vlaanderen,51.21597773801392,2.948865118093863
588,OOSTENDE-ZEEHAVEN,Unknown region,51.213211909116545,2.965668026801826
589,OOSTKAMP,Vlaanderen,51.15421490848582,3.257626153824011
590,OPWIJK,Vlaanderen,50.97461822218548,4.187540293566453
591,OTTIGNIES,Wallonie,50.671773572909835,4.57037399072079
592,OTTIGNIES-RELAIS,Unknown region,50.679134891754636,4.565488223492959
593,OUD-HEVERLEE,Vlaanderen,50.83570060691955,4.653595847354818
594,OUDEGEM,Vlaanderen,51.01473762660282,4.06243712249094
595,OUDENAARDE,Vlaanderen,50.85060234546347,3.600671251771689
596,OUGREE,Wallonie,50.60537053844519,5.536956573101103
597,OVERPELT,Vlaanderen,51.215549621570986,5.423126886433697
598,PALISEUL,Wallonie,49.89495830565338,5.119206133726743
599,PAPIGNIES,Wallonie,50.687655085954,3.824299420055708
600,PARIS-NORD,Unknown region,,
601,PECROT,Wallonie,50.77926684369613,4.651601336908382
602,PEPINSTER,Wallonie,50.56851509026457,5.810268537487914
603,PEPINSTER-CITE,Wallonie,50.56337539099574,5.8045957193495
604,PERUWELZ,Wallonie,50.51361346500805,3.59206286828061
605,PHILIPPEVILLE,Unknown region,50.19161271107731,4.536051971126212
606,PHILIPPEVILLE-642,Wallonie,,
607,PIETON,Unknown region,50.435116819743584,4.286129350702152
608,POIX-SAINT-HUBERT,Wallonie,50.01946343587328,5.292645676052638
609,PONT-A-CELLES,Wallonie,50.513833152896,4.354095184775157
610,PONT-DE-SERAING,Wallonie,50.61991669778005,5.511349156664147
611,POPERINGE,Vlaanderen,50.85444837696997,2.736306432939593
612,POULSEUR,Wallonie,50.508959330120994,5.578188092260355
613,PRAHA HL.N.,Unknown region,,
614,PROFONDSART,Wallonie,50.6938459795017,4.549496108521898
615,PRY,Unknown region,50.26875846150931,4.430333398823612
616,PUURS,Vlaanderen,51.07712359886562,4.283513007680889
617,QUAREGNON,Wallonie,50.449728266937804,3.855599112287222
618,QUEVY,Wallonie,50.34148798163534,3.90964048485251
619,QUEVY-FRONTIERE,Unknown region,50.32884238484479,3.908374909943034
620,QUIEVRAIN,Wallonie,50.41023300621153,3.685859499053529
621,REBAIX,Wallonie,50.661048859047035,3.793534075586853
622,REMICOURT,Unknown region,50.67864344975697,5.321422014681566
623,RHISNES,Wallonie,50.499300490166455,4.801803854268886
624,RHISNES-GARAGE,Unknown region,,
625,RHISNES-SAS,Unknown region,50.50059749561269,4.799814590098005
626,RIVAGE,Wallonie,50.48425613833228,5.586577136839139
627,RIVAGE-MARCHANDISES,Unknown region,50.490753740198194,5.58716027418703
628,RIXENSART,Wallonie,50.71351480957668,4.5308236053622
629,ROCHEFORT-JEMELLE,Wallonie,50.16041579601375,5.266796362727846
630,RODANGE,Unknown region,,
631,ROESELARE,Vlaanderen,50.94934122980087,3.130236038528931
632,RONET,Wallonie,50.45765531932982,4.82860168328901
633,RONET-FORMATION,Unknown region,50.453691686627764,4.823011898207809
634,RONET-P.E.,Unknown region,50.45350230607816,4.822607107768873
635,RONSE,Vlaanderen,50.74236654303611,3.602611083249847
636,ROOSENDAAL,Unknown region,,
637,ROTTERDAM CENTRAAL,Unknown region,,
638,ROUX,Wallonie,50.44308266000403,4.394000597740669
639,RUISBROEK,Vlaanderen,50.79177235694931,4.295521156744342
640,RUISBROEK-BUNDEL,Unknown region,50.79977242962708,4.302387082168997
641,RUISBROEK-SAUVEGARDE,Vlaanderen,51.081104582928326,4.326980820033769
642,SAINT-DENIS-BOVESSE,Wallonie,50.52129700046284,4.767791995303149
643,SAINT-GHISLAIN,Wallonie,50.44273476303692,3.82001577005146
644,SAINT-VINCENT-BELLEFONTAINE,Wallonie,49.66445133811217,5.438476714155181
645,SART-BERNARD,Wallonie,50.40674172493156,4.948563267848869
646,SCHAARBEEK,Région de Bruxelles-Capitale - Brussels Hoofdstedelijk Gewest,50.8786926685087,4.378431524240697
647,SCHAARBEEK-BUNDEL L,Région de Bruxelles-Capitale - Brussels Hoofdstedelijk Gewest,50.884306766539005,4.40201598026177
648,SCHAARBEEK-BUNDEL M,Région de Bruxelles-Capitale - Brussels Hoofdstedelijk Gewest,50.880727000293696,4.385454995470903
649,SCHAARBEEK-BUNDEL P,Région de Bruxelles-Capitale - Brussels Hoofdstedelijk Gewest,50.88356405952043,4.397792390359354
650,SCHAARBEEK-BUNDEL V,Région de Bruxelles-Capitale - Brussels Hoofdstedelijk Gewest,50.8851221530907,4.401352914979446
651,SCHAARBEEK-CARWASH,Région de Bruxelles-Capitale - Brussels Hoofdstedelijk Gewest,50.883579650981524,4.39938498161801
652,SCHAARBEEK-D.O.P.,Unknown region,50.88949866347604,4.408750284892093
653,SCHAARBEEK-DOODSPOOR 814,Région de Bruxelles-Capitale - Brussels Hoofdstedelijk Gewest,50.90058554632018,4.410845484006572
654,SCHAARBEEK-GROEP G,Région de Bruxelles-Capitale - Brussels Hoofdstedelijk Gewest,50.89615847020533,4.409001663110517
655,SCHAARBEEK-GROEP R,Région de Bruxelles-Capitale - Brussels Hoofdstedelijk Gewest,50.888951435454025,4.408535403760531
656,SCHAARBEEK-JOSAPHAT,Région de Bruxelles-Capitale - Brussels Hoofdstedelijk Gewest,50.86036295441294,4.395006896536745
657,SCHAARBEEK-L.C.I.,Unknown region,,
658,SCHAARBEEK-NOS,Région de Bruxelles-Capitale - Brussels Hoofdstedelijk Gewest,50.88245805014893,4.390199063234685
659,SCHAARBEEK-P.C.I.,Région de Bruxelles-Capitale - Brussels Hoofdstedelijk Gewest,50.90116046170395,4.419439345552049
660,SCHAARBEEK-PERRON P.C.I.,Unknown region,50.90161855638698,4.414710414751294
661,SCHAARBEEK-PERRON T.W./D.-NOS,Région de Bruxelles-Capitale - Brussels Hoofdstedelijk Gewest,,
662,SCHAARBEEK-PERRON T.W./D.-ZOS,Unknown region,,
663,SCHAARBEEK-PERRON VORMING,Région de Bruxelles-Capitale - Brussels Hoofdstedelijk Gewest,,
664,SCHAARBEEK-SAS K/C,Région de Bruxelles-Capitale - Brussels Hoofdstedelijk Gewest,50.89954168416606,4.410441644386698
665,SCHAARBEEK-SPOOR LZ,Unknown region,,
666,SCHAARBEEK-T.W./D.,Région de Bruxelles-Capitale - Brussels Hoofdstedelijk Gewest,50.88415566579852,4.400226576391086
667,SCHAARBEEK-T.W./E.,Région de Bruxelles-Capitale - Brussels Hoofdstedelijk Gewest,50.892840556275054,4.410489511892363
668,SCHAARBEEK-VORMING,Région de Bruxelles-Capitale - Brussels Hoofdstedelijk Gewest,,
669,SCHAARBEEK-WASINSTALLATIE,Unknown region,,
670,SCHELDEWINDEKE,Vlaanderen,50.93780300020493,3.777613995685378
671,SCHELLE,Vlaanderen,51.12542028360778,4.340225752995774
672,SCHELLEBELLE,Vlaanderen,51.0031261630312,3.921433078084123
673,SCHENDELBEKE,Vlaanderen,50.79778703346734,3.89916297538759
674,SCHOONAARDE,Vlaanderen,51.00313856979093,4.011262908294323
675,SCHULEN,Vlaanderen,50.96418013344255,5.185420625696778
676,SCHULEN-SAS,Unknown region,50.96357709427176,5.188162889919749
677,SCHULEN-WIJKSPOOR,Unknown region,,
678,SCLAIGNEAUX,Wallonie,50.49212088175689,5.026460714068383
679,SCLESSIN,Wallonie,50.610365174257474,5.556695078909727
680,SERAING,Wallonie,50.60883252592876,5.514078318541385
681,SERSKAMP,Vlaanderen,50.984538007362964,3.959538984371438
682,SILLY,Wallonie,50.66320539666523,3.937245876119478
683,SIMONIS,Région de Bruxelles-Capitale - Brussels Hoofdstedelijk Gewest,50.865996577140216,4.334138583169429
684,SINAAI,Vlaanderen,51.14350069973955,4.068856389295283
685,SINT-AGATHA-BERCHEM,Région de Bruxelles-Capitale - Brussels Hoofdstedelijk Gewest,50.873033679817716,4.2907473424016
686,SINT-DENIJS-BOEKEL,Vlaanderen,50.87419888855042,3.698421279748864
687,SINT-GENESIUS-RODE,Vlaanderen,50.74811387298626,4.361939405399492
688,SINT-GILLIS(DENDERMONDE),Vlaanderen,51.022081856032756,4.117208570707191
689,SINT-JOB,Région de Bruxelles-Capitale - Brussels Hoofdstedelijk Gewest,50.79358621212648,4.36042954610276
690,SINT-JORIS-WEERT,Vlaanderen,50.80129671740569,4.651860787304721
691,SINT-KATELIJNE-WAVER,Vlaanderen,51.0709276997371,4.495807348334469
692,SINT-MARIABURG,Vlaanderen,51.292675494968876,4.434565179916575
693,SINT-MARTENS-BODEGEM,Vlaanderen,50.867166054827,4.204939320514606
694,SINT-NIKLAAS,Vlaanderen,51.17159935147066,4.143282196539995
695,SINT-NIKLAAS-OOST,Vlaanderen,51.17662337623689,4.159519894682492
696,SINT-TRUIDEN,Vlaanderen,50.817688764469715,5.176520546199805
697,SLEIDINGE,Vlaanderen,51.126433936476886,3.667545364708063
698,SOIGNIES,Wallonie,50.57312318081812,4.06935224523492
699,SOLRE-SUR-SAMBRE,Wallonie,50.312755388942726,4.158287829875166
700,SPA,Wallonie,50.49024449846075,5.855783501961264
701,SPA-GERONSTERE,Wallonie,50.489275844991575,5.866227582590074
702,STABROEK-SPOREN 027/028,Unknown region,51.366155537640516,4.316028885954696
703,STATTE,Unknown region,50.528178166275396,5.219616500813089
704,STOCKEM,Unknown region,49.69093190086014,5.76797703301106
705,STOCKEM-A.T.,Wallonie,,
706,STOCKEM-FAISCEAU A,Unknown region,,
707,STOUMONT,Wallonie,50.4171657410006,5.769289559990908
708,STRASBOURG-VILLE,Unknown region,,
709,SY,Unknown region,50.403308358061274,5.523618360281978
710,TAMINES,Wallonie,50.43208242350686,4.608866937373713
711,TEMSE,Vlaanderen,51.12598622590376,4.221148549659076
712,TERHAGEN,Vlaanderen,50.90182412476728,3.897482385582953
713,TERNAT,Unknown region,50.874645886151065,4.165480312649196
714,TERTRE,Wallonie,50.46468648508494,3.829037691211685
715,TESTELT,Vlaanderen,51.009863920558466,4.945833786795244
716,THEUX,Wallonie,50.536285814235605,5.815107033579014
717,THIEU,Wallonie,50.469671810995315,4.098467909724497
718,THUIN,Wallonie,50.34256310588739,4.288964235133943
719,THULIN,Wallonie,50.42342864244457,3.745946901542191
720,THURN EN TAXIS,Région de Bruxelles-Capitale - Brussels Hoofdstedelijk Gewest,50.87155655860092,4.340863745556818
721,TIELEN,Unknown region,51.24086146059442,4.893344963201751
722,TIELT,Vlaanderen,50.99003688908823,3.328627110438443
723,TIENEN,Vlaanderen,50.80793143260549,4.925636679146979
724,TILFF,Wallonie,50.5702570335759,5.582656168478611
725,TILLEUR,Wallonie,50.61932578913085,5.529596130423595
726,TILLY,Unknown region,50.55665902409977,4.551641295273522
727,TILLY-GARAGE,Unknown region,50.55294735567399,4.550490586989336
728,TOLLEMBEEK,Vlaanderen,50.73542701918243,3.992881040433152
729,TONGEREN,Vlaanderen,50.78417812102581,5.473981817206647
730,TORHOUT,Vlaanderen,51.06471224939062,3.105750907311675
731,TOURNAI,Wallonie,50.61514181540238,3.388492484545882
732,TROIS-PONTS,Wallonie,50.36928440608179,5.873340705634188
733,TROISVIERGES,Unknown region,,
734,TROOZ,Wallonie,50.573287443638215,5.688448773102868
735,TUBIZE,Wallonie,50.691692204058214,4.205811476492253
736,TURNHOUT,Vlaanderen,51.323270000207955,4.938189995320892
737,TURNHOUT-BUNDEL,Unknown region,51.32828000020657,4.940909995320414
738,UKKEL-KALEVOET,Région de Bruxelles-Capitale - Brussels Hoofdstedelijk Gewest,50.79221449416178,4.331745965549022
739,UKKEL-STALLE,Région de Bruxelles-Capitale - Brussels Hoofdstedelijk Gewest,50.80248548773274,4.323778172104379
740,VELTEM,Vlaanderen,50.900550015820514,4.6335174452958
741,VERTRIJK,Vlaanderen,50.83594652783853,4.836594370994312
742,VERTRIJK-WIJKSPOOR,Unknown region,,
743,VERVIERS-CENTRAL,Wallonie,50.587801912897746,5.854635277451281
744,VERVIERS-EST,Wallonie,,
745,VERVIERS-PALAIS,Wallonie,50.59092927690511,5.865284693550655
746,VEURNE,Vlaanderen,51.07391661680995,2.669750487607322
747,VIANE-MOERBEKE,Vlaanderen,50.75195293852315,3.917163280244609
748,VICHTE,Vlaanderen,50.83350305904886,3.392847172286867
749,VIELSALM,Wallonie,50.278815045292525,5.909332325539062
750,VIJFHUIZEN,Unknown region,50.94318180088229,3.982544127397865
751,VILLE-POMMEROEUL,Wallonie,50.464526835775644,3.724432978569874
752,VILLERS-LA-VILLE,Unknown region,50.57809064902876,4.533500041466839
753,VILVOORDE,Vlaanderen,50.924143596819164,4.432813750440927
754,VIRTON,Wallonie,49.56075846126811,5.518329537147838
755,VISE,Wallonie,50.740355136577506,5.692281362696947
756,VISE-HAUT,Wallonie,50.743902299398194,5.699150875928639
757,VIVILLE,Unknown region,49.688283939127956,5.785474662628208
758,VOROUX,Wallonie,50.660695017365434,5.431053889563294
759,VOROUX-BASE TRAVAUX LGV,Unknown region,50.65951698174285,5.440928697114196
760,VORST-BUNDEL M,Région de Bruxelles-Capitale - Brussels Hoofdstedelijk Gewest,50.814061704630554,4.31315427318209
761,VORST-CARWASH,Unknown region,50.81639869434144,4.314103145237519
762,VORST-OOST,Région de Bruxelles-Capitale - Brussels Hoofdstedelijk Gewest,50.810200336121405,4.320981153679814
763,VORST-RIJTUIGEN,Région de Bruxelles-Capitale - Brussels Hoofdstedelijk Gewest,50.816782000307214,4.313919995489446
764,VORST-RIJTUIGEN-DIENSTPERRON,Région de Bruxelles-Capitale - Brussels Hoofdstedelijk Gewest,50.81765222580863,4.314635011668778
765,VORST-RIJTUIGEN-PERRON TW-HST,Unknown region,,
766,VORST-ZUID,Région de Bruxelles-Capitale - Brussels Hoofdstedelijk Gewest,50.81007340678047,4.310347515603558
767,VORST-ZUID-SPOREN 920/926,Unknown region,50.811015106459436,4.310837271313542
768,WAARSCHOOT,Vlaanderen,51.15444063797831,3.61518699750787
769,WALCOURT,Wallonie,50.25862330620038,4.435775728492839
770,WAREGEM,Vlaanderen,50.89242834863904,3.425598318010879
771,WAREMME,Wallonie,50.6946909072976,5.248963056889978
772,WATERLOO,Unknown region,50.71553397188341,4.383453532044176
773,WATERMAAL,Région de Bruxelles-Capitale - Brussels Hoofdstedelijk Gewest,50.80971058926985,4.399853339646589
774,WAVRE,Wallonie,50.71613796246478,4.605127670073735
775,WEERDE,Vlaanderen,50.9772432084468,4.471087335502559
776,WELKENRAEDT,Wallonie,50.65937064610759,5.974267220421458
777,WELLE,Unknown region,50.90304991959586,4.050866518111865
778,WERVIK,Vlaanderen,50.78185532955076,3.046976838497036
779,WESPELAAR-TILDONK,Vlaanderen,50.958554856419234,4.637792321359631
780,WETTEREN,Vlaanderen,51.00149928945725,3.881915593020351
781,WEVELGEM,Vlaanderen,50.81106670342023,3.182483665003594
782,WEZEMAAL,Vlaanderen,50.95636089730757,4.74801229767004
783,WICHELEN,Vlaanderen,51.001758502599706,3.974883903343649
784,WIEN HBF,Unknown region,,
785,WIJGMAAL,Vlaanderen,50.92330344560649,4.700698414016601
786,WILDERT,Vlaanderen,51.427570310414005,4.463422810974087
787,WILLEBROEK,Vlaanderen,51.06641691258512,4.356072252457586
788,WOLFSTEE,Vlaanderen,51.16893689452469,4.789732769739082
789,WONDELGEM,Vlaanderen,51.088985753172615,3.719596592920779
790,WONDELGEM-BUNDEL,Unknown region,51.08555875432921,3.718855591254594
791,YVES-GOMEZEE,Wallonie,50.237995848837336,4.490419768274312
792,YVOIR,Wallonie,50.32085000105735,4.878760881633935
793,ZANDBERGEN,Vlaanderen,50.80691967723847,3.956989676658236
794,ZAVENTEM,Vlaanderen,50.88563254694747,4.469909600355977
795,ZEDELGEM,Vlaanderen,51.12638146000492,3.163480495254234
796,ZEDELGEM-GOEDEREN,Unknown region,,
797,ZEEBRUGGE-BUNDEL PELIKAAN,Vlaanderen,51.2934020059572,3.227961830454428
798,ZEEBRUGGE-BUNDEL RAMSKAPELLE,Vlaanderen,51.31415261917875,3.237998160938279
799,ZEEBRUGGE-BUNDEL ZWANKENDAMME,Vlaanderen,51.30611348626504,3.191733656936679
800,ZEEBRUGGE-DORP,Vlaanderen,51.32659216067896,3.196840129905106
801,ZEEBRUGGE-STRAND,Vlaanderen,51.32448248926547,3.186399065269261
802,ZEEBRUGGE-VOORHAVEN-WEST,Vlaanderen,51.34056680002598,3.175833896873375
803,ZEEBRUGGE-VORMING,Vlaanderen,51.315516977459495,3.189134716216088
804,ZELE,Vlaanderen,51.073037158257506,4.042379417429672
805,ZELLIK,Vlaanderen,50.88954331951614,4.275293625248541
806,ZELZATE,Vlaanderen,51.2027045789305,3.799473632535886
807,ZELZATE-RIEME,Vlaanderen,,
808,ZICHEM,Vlaanderen,51.00665816404098,4.987321399397194
809,ZINGEM,Vlaanderen,50.909119622521686,3.646473939917027
810,ZOLDER,Vlaanderen,51.03363911488983,5.330784089378894
811,ZOLDER-KRUISSPOREN,Unknown region,51.03487464525858,5.317814120948007
812,ZONHOVEN,Vlaanderen,50.989700000370746,5.348769995145101
813,ZOTTEGEM,Vlaanderen,50.86909906320353,3.814701036136487
814,ZWANKENDAMME,Vlaanderen,,
815,ZWIJNDRECHT,Unknown region,51.21364024292829,4.324671903885883
816,ZWIJNDRECHT-WIJKSPOREN,Unknown region,,
